species,genus,eye_sl,eye_class_sp,gillrakers_sp,rakerspace_sp,jaw_sl,jaw_class_sp,tooth_raw,raptorial_sp,max_sl_sp
benthosema fibulatum,benthosema,NA,NA,23.5,0.46,0.176,short,V | V | V,0,90
benthosema glaciale,benthosema,0.11,large,17,NA,NA,short,V | V | V,0,70
benthosema pterotum,benthosema,NA,NA,22.5,0.24,0.157,short,V | V | V,0,70
benthosema suborbitale,benthosema,0.107,large,14,0.29,0.128,short,V | V | V,0,39
bolinichthys indicus,bolinichthys,NA,NA,15,NA,NA,short,"V | V,H | V",1,47
bolinichthys longipes,bolinichthys,0.094,moderate,17.5,NA,NA,short,"V | V,H | V",1,55
bolinichthys photothorax,bolinichthys,NA,NA,21,NA,NA,short,"V | V,H | V",1,73
bolinichthys supralateralis,bolinichthys,0.102,moderate,19.5,NA,NA,moderate,"V | V,H | V",1,117
centrobranchus andreae,centrobranchus,0.07,small,0,NA,NA,moderate,"V,H | V | V",1,65
centrobranchus brevirostris,centrobranchus,NA,NA,0,NA,NA,moderate,"V,H? | V | V",1,40
centrobranchus nigroocellatus,centrobranchus,NA,NA,0,NA,NA,moderate,"V,H | V | V",1,40
ceratoscopelus maderensis,ceratoscopelus,0.098,moderate,22,NA,NA,moderate,"V | V,H | V",1,89
ceratoscopelus townsendi,ceratoscopelus,NA,NA,15,NA,NA,moderate,"V | V,H | V",1,60
ceratoscopelus warmingii,ceratoscopelus,0.093,moderate,15,NA,NA,moderate,"V | V,H | V",1,81
dasyscopelus asper,dasyscopelus,0.111,large,15,NA,NA,short,V | V | V,0,76
dasyscopelus selenops,dasyscopelus,NA,NA,25.5,NA,NA,short,V | V | V,0,72
dasyscopelus spinosus,dasyscopelus,0.099,moderate,21,NA,NA,short,V | V | V,0,86
diaphus arabicus,diaphus,NA,NA,NA,NA,NA,short,"V,H | V,R | V",1,NA
diaphus brachycephalus,diaphus,0.122,large,17,NA,NA,short,"V,R,H | V | V",1,60
diaphus chrysorhynchus,diaphus,NA,NA,25,NA,NA,long,"V,(H,R) | V,(R) | V (variable: unresolved)",1,120
diaphus coeruleus,diaphus,NA,NA,22,NA,NA,long,"V,(H,R) | V,(R) | V (variable: unresolved)",1,117
diaphus danae,diaphus,0.078,moderate,27.5,NA,NA,long,"V,(H,R) | V,(R) | V (variable: unresolved)",1,126
diaphus dumerilii,diaphus,NA,NA,21,0.64,NA,long,V | V | V,0,80
diaphus effulgens,diaphus,NA,NA,20,NA,NA,long,"V,R | V | V",1,150
diaphus fragilis,diaphus,NA,NA,18,NA,NA,long,"V,R | V,R | V",1,123
diaphus fulgens,diaphus,0.095,moderate,18.5,NA,NA,short,"V,R,H | V,R | V",1,45
diaphus garmani,diaphus,0.079,moderate,21.5,0.47,0.172,long,V | V | V,0,60
diaphus holti,diaphus,0.128,large,NA,NA,NA,short,"V,R,H | V | V",1,NA
diaphus hudsoni,diaphus,NA,NA,22.5,NA,NA,short,"V,R,H | V,R | V",1,84
diaphus jenseni,diaphus,NA,NA,20,0.215,0.188,long,"V,(H,R) | V,(R) | V (variable: unresolved)",1,50
diaphus kapalae,diaphus,NA,NA,25,NA,NA,long,"V,(H,R) | V,(R) | V (variable: unresolved)",1,80
diaphus lucidus,diaphus,NA,NA,18,NA,NA,long,V | V | V,0,118
diaphus luetkeni,diaphus,0.068,small,20.5,NA,NA,long,V | V | V,0,60
diaphus meadi,diaphus,0.117,large,17.5,NA,NA,short,"V,R,H | V,R | V",1,54
diaphus metopoclampus,diaphus,NA,NA,25,NA,NA,long,"V,R | V | V",1,89
diaphus mollis,diaphus,0.101,moderate,18,NA,NA,short,"V,H | V | V",1,70
diaphus nielseni,diaphus,NA,NA,21.5,0.35,0.188,long,V | V | V,0,40
diaphus perspicillatus,diaphus,NA,NA,27.5,0.43,0.2,long,"V,R | V | V",1,71
diaphus rafinesquii,diaphus,NA,NA,23.5,NA,NA,short,"V,H | V | V",1,85
diaphus schmidti,diaphus,NA,NA,18.5,NA,NA,long,"V,R | V | V",1,40
diaphus splendidus,diaphus,0.057,small,17,NA,NA,long,V | V | V,0,90
diaphus suborbitalis,diaphus,NA,NA,NA,NA,NA,long,"V,(H,R) | V,(R) | V (variable: unresolved)",1,73
diaphus taaningi,diaphus,NA,NA,NA,NA,NA,short,V | V | V,0,70
diaphus theta,diaphus,NA,NA,21.5,NA,NA,short,"V,R,H | V | V",1,90
diaphus thiollierei,diaphus,NA,NA,19,0.92,0.182,long,"V,R | V,R | V",1,129
diaphus trachops,diaphus,NA,NA,24.5,NA,NA,long,"V,(H,R) | V,(R) | V (variable: unresolved)",1,64
diaphus vanhoeffeni,diaphus,NA,NA,NA,NA,NA,long,"V,H | V,H | V",1,42
diaphus watasei,diaphus,NA,NA,20,1.23,0.189,long,"V,(H,R) | V,(R) | V (variable: unresolved)",1,170
diogenichthys atlanticus,diogenichthys,0.117,large,13,NA,NA,short,"S,H,T | S,H,T | V",1,27
diogenichthys laternatus,diogenichthys,0.107,large,13.5,NA,NA,short,"S,H,T | S,H,T | V",1,25
electrona antarctica,electrona,NA,NA,17.5,NA,NA,short,V | V | C,1,82
electrona carlsbergi,electrona,NA,NA,30.5,NA,NA,short,V | V | C,1,95
electrona paucirastra,electrona,NA,NA,21.5,NA,NA,short,V | V | C,1,75
electrona risso,electrona,0.152,large,29,NA,NA,short,V | V | C,1,82
electrona subaspera,electrona,NA,NA,27.5,NA,NA,short,V | V | C?,1,127
gonichthys cocco,gonichthys,NA,NA,12,NA,NA,moderate,V | V | V,0,36
gonichthys tenuiculus,gonichthys,0.069,small,14,NA,NA,moderate,V | V | V,0,50
gymnoscopelus bolini,gymnoscopelus,NA,NA,21.5,NA,NA,long,V | V | V,0,280
gymnoscopelus braueri,gymnoscopelus,NA,NA,23,NA,NA,long,V | V | V,0,123
gymnoscopelus fraseri,gymnoscopelus,NA,NA,27,NA,NA,long,V | V | V,0,115
gymnoscopelus microlampas,gymnoscopelus,NA,NA,30.5,NA,NA,long,V | V | V,0,123
gymnoscopelus nicholsi,gymnoscopelus,NA,NA,32,NA,NA,long,V | V | V,0,185
gymnoscopelus opisthopterus,gymnoscopelus,NA,NA,28,NA,NA,long,V | V | V,0,162
gymnoscopelus piabilis,gymnoscopelus,NA,NA,30.5,NA,NA,long,V | V | V,0,146
hygophum benoiti,hygophum,0.138,large,NA,NA,NA,short,V | V | V,0,78
hygophum hanseni,hygophum,NA,NA,17.5,NA,NA,short,V | V | V,0,67
hygophum hygomii,hygophum,0.132,large,20.5,NA,NA,short,V | V | V,0,68
hygophum macrochir,hygophum,NA,NA,NA,NA,NA,short,V | V | V,0,NA
hygophum proximum,hygophum,0.123,large,18,NA,NA,short,V | V | V,0,54
hygophum taaningi,hygophum,NA,NA,NA,NA,NA,short,V | V | V,0,66
krefftichthys anderssoni,krefftichthys,NA,NA,27,NA,NA,short,V | V | V,0,82
lampadena pontifex,lampadena,NA,NA,NA,NA,NA,long,"V | V,H | V",1,110
lampanyctodes hectoris,lampanyctodes,NA,NA,31.5,NA,NA,long,V | V | V,0,70
lampanyctus achirus,lampanyctus,NA,NA,17.5,NA,NA,long,"V | V,H | V",1,162
lampanyctus alatus,lampanyctus,0.062,small,13.5,NA,NA,long,"V | V,H | V",1,61
lampanyctus australis,lampanyctus,NA,NA,21,NA,NA,long,"V | V,H | V",1,131
lampanyctus crocodilus,lampanyctus,0.055,small,17,NA,NA,long,"V | V,H | V",1,300
lampanyctus cuprarius,lampanyctus,NA,NA,NA,NA,NA,long,"V | V,H | V",1,79
lampanyctus jordani,lampanyctus,NA,NA,22.5,NA,NA,long,"V | V,H | V",1,140
lampanyctus macdonaldi,lampanyctus,NA,NA,27,NA,NA,long,"V | V,H | V",1,160
lampanyctus macropterus,lampanyctus,NA,NA,14,NA,NA,long,"V | V,H | V",1,33
lampanyctus niger,lampanyctus,NA,NA,17,NA,NA,long,"V | V,H | V",1,111
lampanyctus nobilis,lampanyctus,0.051,small,13,NA,NA,long,"V | V,H | V",1,125
lampanyctus photonotus,lampanyctus,NA,NA,NA,NA,NA,long,"V | V,H | V",1,85
lampanyctus pusillus,lampanyctus,0.057,small,12,NA,NA,long,"V | V,H | V",1,43
lampanyctus regalis,lampanyctus,NA,NA,12,NA,NA,long,"V | V,H | V",1,165
lampanyctus ritteri,lampanyctus,NA,NA,14,NA,NA,long,"V | V,H | V",1,120
lampanyctus steinbecki,lampanyctus,NA,NA,13,NA,NA,long,"V | V,H | V",1,80
lepidophanes guentheri,lepidophanes,NA,NA,NA,NA,NA,long,"V | V,H | V",1,80
lobianchia dofleini,lobianchia,0.068,small,19,NA,NA,long,V | V | V,0,50
lobianchia gemellarii,lobianchia,0.066,small,17,NA,NA,long,V | V | V,0,65
metelectrona herwigi,metelectrona,NA,NA,22.5,NA,NA,short,V | V | C?,1,59
myctophum affine,myctophum,NA,NA,NA,NA,NA,short,V | V | V,0,79
myctophum aurolaternatum,myctophum,0.092,moderate,17,NA,NA,short,V | V | V,0,110
myctophum brachygnathum,myctophum,0.106,large,27,0.53,0.139,short,V | V | V,0,65
myctophum lychnobium,myctophum,0.101,moderate,22,NA,NA,short,V | V | V,0,116
myctophum nitidulum,myctophum,0.085,moderate,19,NA,NA,short,V | V | V,0,83
myctophum obtusirostrum,myctophum,0.109,large,25,0.605,0.138,short,V | V | V,0,80
myctophum orientale,myctophum,NA,NA,NA,NA,NA,short,V | V | V,0,NA
myctophum punctatum,myctophum,NA,NA,27,NA,NA,short,V | V | V,0,110
notolychnus valdiviae,notolychnus,0.065,small,10,NA,NA,long,V | V | V,0,25
notoscopelus bolini,notoscopelus,NA,NA,NA,NA,NA,long,V | V | V,0,102
notoscopelus elongatus,notoscopelus,0.076,small,24,NA,NA,long,V | V | V,0,106
notoscopelus japonicus,notoscopelus,NA,NA,25,NA,NA,long,V | V | V,0,134.2
notoscopelus kroyeri,notoscopelus,0.064,small,27.5,NA,NA,long,V | V | V,0,143
notoscopelus resplendens,notoscopelus,NA,NA,20.5,NA,NA,long,V | V | V,0,95
parvilux ingens,parvilux,NA,NA,17,NA,NA,long,"V | V,H | V",1,200
protomyctophum andriashevi,protomyctophum,NA,NA,20,NA,NA,short,V | V | V,0,60
protomyctophum arcticum,protomyctophum,NA,NA,NA,NA,NA,short,V | V | V,0,60
protomyctophum bolini,protomyctophum,NA,NA,21.5,NA,NA,short,V | V | V,0,67
protomyctophum choriodon,protomyctophum,NA,NA,25.5,NA,NA,short,V | V | V,0,95
protomyctophum luciferum,protomyctophum,NA,NA,23,NA,NA,short,V | V | V,0,61
protomyctophum normani,protomyctophum,NA,NA,26,NA,NA,short,V | V | V,0,56
protomyctophum parallelum,protomyctophum,NA,NA,17,NA,NA,short,V | V | V,0,50
protomyctophum tenisoni,protomyctophum,NA,NA,24,NA,NA,short,V | V | V,0,54
protomyctophum thompsoni,protomyctophum,NA,NA,18,NA,NA,short,V | V | V,0,52
scopelopsis multipunctatus,scopelopsis,NA,NA,24.5,NA,NA,long,V | V | V,0,95
stenobrachius leucopsarus,stenobrachius,NA,NA,NA,NA,NA,long,"V | V,H | V",1,130
stenobrachius nannochir,stenobrachius,NA,NA,18.5,NA,NA,long,"V | V,H | V",1,110
symbolophorus barnardi,symbolophorus,NA,NA,19,NA,NA,short,"V | V | V,(C)",1,116
symbolophorus boops,symbolophorus,0.081,moderate,22.5,NA,NA,short,V | V | C,1,157
symbolophorus californiensis,symbolophorus,NA,NA,NA,NA,NA,short,V | V | V,0,110
symbolophorus evermanni,symbolophorus,0.088,moderate,21.5,0.5,0.166,short,V | V | V,0,86
symbolophorus reversus,symbolophorus,NA,NA,NA,NA,NA,short,"V | V | V,(C)",1,89
symbolophorus veranyi,symbolophorus,0.079,moderate,NA,NA,NA,short,V | V | C,1,125
tarletonbeania crenularis,tarletonbeania,NA,NA,16,NA,NA,moderate,V | V | V,0,70
tarletonbeania taylori,tarletonbeania,NA,NA,16,NA,NA,moderate,V | V | V,0,70
triphoturus mexicanus,triphoturus,NA,NA,NA,NA,NA,long,"V | V,H | V",1,70
triphoturus nigrescens,triphoturus,0.056,small,12,NA,NA,long,"V | V,H | V",1,40
